customer_id,name,email,phone,state,signup_date
01a9e71f-de8a-474b-8f36-d58b47378190,ALLISON HILL,jillrhodes@miller.com,890.838.6379,CALIFORNIA,06/03/2023
a9488d99-0bbb-4599-91ce-5dd2b45ed1f0,Gina Moore,daviscolin@yahoo.com,+1-407-816-1849x593,new york,06-20-2023
ce177b4e-0837-48a3-9261-a7ab3aa2e4f9,VICTORIA WYATT,oramirez@martin-kelly.com,001-192-832-7648x350,CALIFORNIA,03/11/2023
827050a8-2369-4584-bf5e-9ff0ff50bde4,Austin Gentry,dianafoster@hotmail.com,242.388.4969x653,TEXAS,08-05-2024
e037e5ed-b8db-4672-b42d-47cc00d4af59,ANTHONY RODRIGUEZ,ycarlson@carlson-mcdonald.com,+10184514627,ILLINOIS,08-14-2023
11b7e948-d0e6-4660-bc69-dee1bb5e4bcf,Pamela Romero,meagan89@hernandez.net,001-809-570-1543x03911,texas,05/10/2024
38602ab6-96a4-42f2-bae8-cc938dcdcd03,Betty Alvarez,allison96@hickman.com,001-465-787-1331x509,california,12/07/2022
baa4b71a-dd24-47ac-b78e-edb3693dffbc,Mark Perez,chad34@washington.org,001-737-631-1656,TEXAS,09-23-2022
8ce21ea3-db20-456e-9c81-5fe7ceda8bbb,VICTORIA GARCIA,lauren13@gmail.com,872.624.7317,california,11-30-2022
bf7b539b-0f9a-4a4b-8acd-4e10bc594585,Zachary Huff,gabrieltucker@hancock.com,(064)746-8723x4309,CALIFORNIA,31/10/2023
506e5a9a-b758-488d-ab73-295b344a54b8,Kevin Shaw,yuchristopher@jones.com,(193)9909169x9854,TEXAS,07-06-2023
8b10550c-d570-4f32-b02c-dd20286218b8,CARLOS BREWER,sarah10@yahoo.com,+1-911-838-4251x354,FLORIDA,27/06/2025
0d01280f-d89a-40c0-a87d-1c78e7c421c7,WILLIAM ROMAN,sarah12@wilson-rodriguez.net,(449)353-4874,ILLINOIS,21/11/2022
4eea04e7-0ab5-4bde-a0a0-45026e068097,SANDRA WILLIAMS,danagreen@hotmail.com,868.011.2805x982,new york,01-18-2024
61ee411a-1bac-47a7-b386-f7a4c991603f,Rebecca Valencia,evelynestrada@yahoo.com,001-869-232-2602x56342,FLORIDA,30/08/2022
43f59a85-fbc9-487a-b668-a61794a1875d,Courtney Velasquez,kevin33 at gmail.com,+1-365-414-5868x50142,ILLINOIS,08-29-2022
1fe771d6-d917-4793-a9d3-c2e6505cc686,Jeffrey Chandler,gobrien@gmail.com,(934)060-8835x6159,texas,10-10-2023
36b5229a-acf5-481e-b131-62697118e364,MARY NGUYEN,jamesortega@yahoo.com,+1-299-468-0443x69957,ILLINOIS,02/09/2024
31c681ec-935f-4b0a-a138-4ddce2d9de5d,Steven Flynn,campbellelizabeth@rogers.com,320.037.9176,NEW YORK,06-16-2025
7337c599-7984-4388-9c8a-ee30be6033f7,James Hernandez,osbornejeffery@holmes.com,278.895.7986x872,CALIFORNIA,07/08/2023
6a34c854-1071-4d51-b6c5-9dacb4d7e28e,SARA RAMIREZ,joshuajones@yahoo.com,455.812.2362,illinois,03-25-2024
3875394c-e5d6-46e6-9a6e-c2f5ccc42903,John Brown,lstein@hotmail.com,9670546688,FLORIDA,28/07/2024
74672cd9-362f-4e5c-93cd-6268610cf373,Jeffrey Johnson,dramsey@gmail.com,+1-806-990-1627x204,TEXAS,11-20-2023
793b4c32-2050-4494-bd11-48022702878b,SHAWN RAMIREZ,mary70@hotmail.com,+1-053-100-3309,CALIFORNIA,05/05/2025
fbdd3933-cbd5-4bf6-9efd-76e9ce3714af,TRAVIS MARSHALL,gary91@gmail.com,1904966319x3149,texas,11-26-2024
44b591f7-97ac-4aa8-bb24-88a3d36357b6,HANNAH PATTERSON,huntermatthew@yahoo.com,165.726.2849x8776,ILLINOIS,11-13-2023
30e912f2-f2b4-4abf-8441-aefd0299436a,Sandra Miller,karenhudson@hotmail.com,(507)5273545x4948,TEXAS,10/11/2022
1ee34dc4-3b04-4a8b-805b-fdc94e7ed827,Jason Peters,fbrewer@mcguire-davis.com,(349)578-8568x5574,florida,04-26-2023
4ac9778d-8da8-4ee4-8df5-6ac6f96b648a,PATRICK TAPIA,javierwashington@lawrence.com,435.240.8240,california,18/06/2025
9b37a22b-6a8a-416f-83b2-90d08edddfcd,Margaret Mullins,andrewstaylor@peterson-sheppard.com,116.719.0229x4131,NEW YORK,01-12-2025
735435ea-6894-4b8d-80af-5b3a2812859a,COURTNEY MILLS,levans@yahoo.com,990-913-3412x3281,FLORIDA,06-05-2025
ebd34616-91b7-4d8e-9301-6989bfbbb17f,Doris Hall,ojones@yahoo.com,+1-936-183-2421x0249,TEXAS,09-22-2023
2cd94cbb-c19a-458c-835b-1c8c0a4c9f7f,JOHN TORRES,vincent77@gmail.com,+1-065-940-1399x049,FLORIDA,30/06/2024
c5c5b37a-f85e-46a1-9dad-09b252c21221,Jessica Ramirez,ecosta@yahoo.com,(551)256-7468x07154,NEW YORK,19/03/2024
288b78b5-b5b4-43ca-bd42-993ccc9fd334,SAMANTHA SMITH,hbrown@yahoo.com,+17703482477x109,CALIFORNIA,26/10/2023
6a39aaa6-daba-450d-8a3d-d859c5ce099c,Kristen Davis,pvalentine@jimenez.com,467.737.8263x98214,ILLINOIS,12-10-2023
69288e92-c68a-452f-9b23-aa8c3bcabf85,Katie Hoover,mary97@gmail.com,875.588.6753x396,CALIFORNIA,09-06-2022
b8f21423-03ed-41f8-b4f9-3d17e912b4bf,John Mcintyre,ymcneil@hotmail.com,(702)895-1718,,02-09-2023
4ca9cf07-b1aa-4f6a-aa96-e1e27194eae2,Matthew Moore,matthew61@yahoo.com,+1-865-780-9134x31611,CALIFORNIA,14/08/2022
a34db7c5-760d-4bbb-bb70-b3a124a35cf2,Robert Carter,hthomas@yahoo.com,001-222-196-9379,TEXAS,07-30-2023
fe2110d0-4bbe-4aff-9326-dffd5be4bf51,MICHAEL NOLAN,erica21 at yahoo.com,(946)474-3671x369,NEW YORK,06-21-2025
c478f6f1-b88e-4318-816d-83edad81f8bd,William Barrett,knightgina@hotmail.com,9743953394,ILLINOIS,04-20-2025
2408a6dc-1346-41a9-b680-2cdb77e490c7,Breanna Davis,kristina09@oconnor-davis.com,623-285-8842x47451,NEW YORK,06-16-2023
8fb864e4-f173-4856-a25d-36eb9e9a9f83,Misty Whitney,gibbsalexander at hotmail.com,754-965-1370,TEXAS,22/11/2023
b24cc64f-be3e-4e57-b30a-9e32aba4fc03,Connie Brown,debra12@gmail.com,4711382675,CALIFORNIA,10-17-2024
30974b2b-46a0-4a9b-a5ec-7acd0f8035f5,PATRICK MOORE,basschristina@yahoo.com,5377351585,NEW YORK,01-06-2023
06998731-ddcf-4766-a93b-12cd1c24220e,Samantha Davis,williamsmatthew@buchanan.com,001-839-335-2904x22842,FLORIDA,21/01/2023
f6ca6b8b-a4b1-4991-b542-46464d37a539,RICHARD YOUNG,thompsonbrian@hotmail.com,(811)775-8917x83908,CALIFORNIA,18/08/2022
9afd4015-816b-4b9f-b426-b1934b7e6b3c,John Morales,cjoseph@lam.org,(124)998-5698,CALIFORNIA,04-29-2024
cfd01cbd-5f65-48ce-bd21-bc11be9d61ee,Michael Farrell,ohayes@morgan-chavez.biz,001-156-545-2711x1161,FLORIDA,19/01/2023
1d691fba-5e18-4b24-8e67-6a01d86a6460,Laurie Hoffman,jenkinsmorgan@yahoo.com,001-049-451-9832x7315,TEXAS,09-06-2023
4fc77768-5ebb-4ca5-a84b-f9625744f596,RENEE BRUCE,anthony44@bell-white.com,001-612-018-3667,ILLINOIS,16/11/2023
fc04a168-652f-4b49-b873-e57f0ba078e8,Latoya Miller,ericwilliamson@miller.org,643.815.6149x784,NEW YORK,17/01/2025
5024bdc6-dcb3-4df3-93ee-cdc6ebd14d2c,DAN DOUGHERTY,keith10@burgess-thompson.biz,+1-388-516-0607,FLORIDA,12-11-2024
5543fc3c-38b8-424e-96ea-57b3beed10b6,JARED BOWMAN,sullivantammy@gmail.com,+1-751-613-6968x164,CALIFORNIA,03-19-2023
71348c2a-780b-4657-917b-355b70944bdb,Mark Schmidt,michael23@thomas.com,+1-212-779-9799x552,TEXAS,03-07-2025
0fd6f47e-f52d-4af2-a69e-d4c980599b93,Donald Brown,steven00@decker-jones.com,+1-986-798-0793x597,florida,05-30-2024
a8149562-da00-4f16-b946-9bcf4082cbb9,Steven Cooper,benjaminzimmerman@warren-bishop.com,(466)590-5151x864,texas,01-22-2025
7c7c404e-c422-403e-b29a-6339577bc55a,Felicia Aguilar,kyle62@fletcher.com,(816)850-5423,ILLINOIS,25/04/2023
f7315749-4f39-49a8-bd3a-258288b4f474,Chad Jones,stanleynancy@anderson.org,(706)5379473,ILLINOIS,28/06/2024
45d5a68d-290a-4abb-835b-9fea1578d709,Cheyenne Gregory,xhammond@yahoo.com,862.392.4075x81814,,05-28-2024
e7e646c7-0158-4463-9d87-76a072d78bdd,Brittany Kim,bwilkerson@brown-shaw.com,(153)051-5220x4727,ILLINOIS,11-01-2022
3defa849-9336-4f7e-83ef-a9f3a1c7cc8a,DANIEL HERNANDEZ,parsonsjohn@gmail.com,3697117980,new york,09/02/2023
bf5023f4-40ef-4935-9f90-bed6fb25664d,Aaron Gomez,elizabethmiller@yahoo.com,888-880-6706,NEW YORK,07-26-2022
d0be73ee-fd37-4539-a5f2-02f983f02dc7,Austin Allen,dennis58@li-thompson.info,001-722-170-4303x054,FLORIDA,10-21-2024
4447ceab-84ef-4324-8c1b-4157ec9f9c54,Andrew Lucas,michelle05@yahoo.com,566-765-2775,FLORIDA,06/11/2022
28f4e3ce-aded-4a80-bff9-507dcd14a03e,ANGELA MORRISON,manuel15@phillips.com,001-757-059-6401x658,CALIFORNIA,08-18-2022
06a241af-1d0a-47f7-b5e4-a4713fe68c9c,Lawrence Harrington,carlososborne@cox-herring.com,+1-275-571-9285x654,CALIFORNIA,04-16-2023
e42e5037-4a55-4ea0-8acb-be098ccc9cea,MR. JUSTIN GREEN III,wendymitchell@yahoo.com,121.727.1551,FLORIDA,10-09-2023
d2c65ee4-68d0-42a8-84e7-f7dd6929de73,MICHELLE HO,william13@young.com,(895)782-9114x678,ILLINOIS,12-10-2024
84d67c4f-f0df-4684-b28e-41225894f7f1,William Day,wfrazier@gmail.com,001-892-268-0182x42253,FLORIDA,15/09/2023
92779574-c457-4cc3-b5f7-89bca6b07458,Danielle Reid,colleenmendez@gmail.com,299.229.9590x01094,,04-08-2024
51beb80e-b7e6-414c-9c8a-49225005680f,Amanda Small,timothy64@yahoo.com,027-677-3592,CALIFORNIA,19/12/2023
f1fac6e7-170d-4507-85ee-e1d47f53a88e,Bianca Wood,john14@wright-davis.com,(963)259-5327x8774,florida,03-02-2024
8da00495-5cce-4ba9-b1d4-ee098fd33afc,Tracy Lewis,williamstroy@hotmail.com,+1-748-016-2456x50609,FLORIDA,09-22-2023
e4a4474c-9b33-43a4-a620-f9a974fd33d1,Jonathan Duran,andersoncolin@yahoo.com,852-398-6800x02578,NEW YORK,09-08-2024
f8d8b7f1-c86c-4544-a7d4-cf50f791f1e5,TIMOTHY FLORES,brittney88@hotmail.com,947.055.1694x0974,CALIFORNIA,12-15-2024
d92f3c1e-df70-4b2a-b8bb-22a5eba742d2,MIKAYLA SILVA,rhernandez@johnson.com,075.626.3689,CALIFORNIA,10-05-2022
f910abb3-f105-4252-b990-e2c94c6a70f4,KELLY HOFFMAN,ledwards@yahoo.com,+1-585-497-3348,CALIFORNIA,10-06-2023
a7edc8d8-713f-4f8c-ac8b-e53758ab4778,MICHELE VAUGHN,timothy84@yahoo.com,986-652-4041,FLORIDA,08-03-2023
01539221-2331-4a28-8550-eca8ae62990c,Cindy Clayton,derrick99@gmail.com,083.301.6571,TEXAS,11-01-2024
4c636e95-025f-4543-8997-623ae0723d96,BROOKE DELGADO,wsantos@yahoo.com,401-938-0262x06724,FLORIDA,11-29-2024
a383889a-db2c-4ac8-9c67-83932ced3c0d,Tanya Rogers,ismall at hotmail.com,431.527.4205x493,FLORIDA,21/03/2024
80a52e65-afa2-4559-a7c9-620428e333b6,Kaylee Miller,tinawoods@smith.com,454.990.4530x174,TEXAS,27/06/2025
86879aa9-14f5-43d0-8991-2032df85c777,Melissa Fowler,christina32@yahoo.com,(795)687-8339,TEXAS,05-24-2024
765e6cb5-8f0d-4540-8ec7-d662905c7bdd,Heidi Stark,poolerebecca@armstrong.com,871-397-1870x72867,ILLINOIS,05-11-2025
60a399d4-e821-4716-aac8-0da1de9f6f5b,Miranda Foster,bethwilliams@graves-weaver.com,704-622-6567,TEXAS,04/02/2024
9d6b9b62-6b53-4a19-a902-b73fcf39f648,Victor Baxter,david86@anderson.com,7868633752x4310,NEW YORK,07-25-2022
d18183d1-ac2b-4cfc-85c5-1060991121e7,AUSTIN WHEELER,sanchezbradley@yahoo.com,830.284.3959,FLORIDA,11-11-2023
89b5aab0-c121-49db-af12-b150605fb1eb,Shawn Odom,dturner@fry.biz,+1-705-685-6624,FLORIDA,05/07/2024
12a1fe7d-dfa5-4722-8a1f-c9df9a591974,DARIN MATHEWS,jmelendez@faulkner-grant.com,(343)517-5183x0469,TEXAS,04-19-2023
8347f1da-5c11-4b6d-82f5-b3f54ef4c34d,Laurie Powers,vclark@krueger-smith.com,001-173-936-3854x6785,CALIFORNIA,08-11-2024
91ddb9bf-613d-4de9-bae2-802354720d2d,ROBERT BOWEN,nathangutierrez@hotmail.com,204.899.6423,NEW YORK,07-17-2023
2332a50e-6992-496e-81a2-5ed1c3abb5f1,Mr. Michael Scott Phd,yjackson@yahoo.com,(287)280-8010,new york,03-06-2025
2de46e91-e8e6-4840-b090-f5a0ce610199,Michael Smith,bruce97@hotmail.com,008.860.0848x4086,NEW YORK,12-14-2022
2bdfcb41-b3ed-48f1-826b-5383a301ec03,KELLY ALLEN,joseph61@yahoo.com,(793)3410166x6870,FLORIDA,11-06-2022
d9750f00-d5ab-48ae-9112-fbc03d8f95f4,MR. RICHARD KNIGHT PHD,hallrachel@clay.com,+1-489-025-0392x61429,illinois,02-25-2024
614c721d-a921-4b4c-95fb-e976ae007b7e,Kimberly Reyes,masonterri@davis.com,999-650-4773x58662,ILLINOIS,11-11-2022
68759545-832f-42c4-8e03-70cf8e969227,ELIZABETH WRIGHT,adamsnorman@moore.com,4754121267,TEXAS,08/12/2022
6bcd5ce7-46a5-4fe8-af46-f1b12ace1aa9,HECTOR DAVIS,asmith@yahoo.com,001-183-982-6224x44721,TEXAS,10-09-2023
65f30779-f6ee-4cdb-ad79-a2d1506e50c7,MR. DAVID WRIGHT,stephentaylor@gmail.com,(596)5756924x5937,ILLINOIS,11-08-2023
3df51967-4d86-40bd-a222-4f9623a13e20,Michael Henry,nicholas65@frederick.org,+1-280-737-4167,california,07-28-2023
a520c3d0-fbcd-4f5e-902f-34650b570720,MICHELLE MCCORMICK,eewing@morales.biz,+1-058-911-3529,ILLINOIS,05-18-2025
6a7d5d96-4ba1-4233-9ac3-bf317b96e2d1,Tracy Rivera,smithjonathan@hotmail.com,0018899375679x8250,ILLINOIS,11-11-2022
3e711433-bd90-481a-bbe0-e6b8ee0f65a8,Todd Thomas,stanley38@yahoo.com,(717)751-4010x512,TEXAS,09-09-2024
df3a098a-ccac-4fb5-9a0c-6c0493cd1291,CHRISTOPHER CASTRO,laurensoto at gmail.com,+1-660-937-9660x3341,,10-12-2024
502cf0ee-224a-46a6-ac0f-680115b24e1d,Gabriel Ellis,orose@yahoo.com,+1-696-915-5792x499,texas,12-31-2022
22f3f068-7c0f-449d-8274-0f73f3abea0d,Bruce Brooks,ibarnes@reyes.com,+1-274-225-7905,ILLINOIS,30/04/2023
be15ad12-90ce-47e9-b513-03b9c7de96ea,Tracey Wagner,acohen@hotmail.com,721.903.4043x842,NEW YORK,08-08-2024
9dbc15c0-2a7d-457c-ad9c-5b50a1fd4187,ASHLEY WILSON,wolfscott@gmail.com,(134)074-5171x33959,,02-02-2023
d7f34368-c2ef-4ecb-bf5f-bf4fd4176230,Robin Trujillo,candice25@hotmail.com,494-812-6042x2325,NEW YORK,05-16-2025
d3293724-6dfd-471a-b7d7-465d37c3b3c9,CHARLES CHEN,ohayes@gmail.com,(845)775-9017x5186,FLORIDA,05-26-2023
462623be-e068-4849-aec7-1a30dfda35b2,Frank Campbell Md,rkramer@williams.info,1277063242,,22/11/2022
1edf3bfa-d12e-4eb5-97f4-79b5b212a6ee,Danielle Watson,sanderskevin@fischer.com,3712938700,florida,17/04/2024
e5871d89-1631-4fc6-b79d-58f9dc268108,KAREN PEREZ,garciamichael@taylor-ayala.com,+1-218-909-2753x2697,FLORIDA,04/12/2022
4ba8a4ca-6449-4b6f-bf72-ae52304b2370,Bryce Blair,iedwards@gmail.com,138-999-4043x898,FLORIDA,30/03/2025
12af97e4-c536-466e-bcc4-091bf45707c6,Steven Blevins,frodriguez@hotmail.com,+1-180-552-6965x827,TEXAS,07-26-2022
d5a386d9-c362-4810-a261-1b8d9620bee6,Alexis Lewis,ohunter@mason.com,+1-889-241-4183x2856,texas,04-05-2025
44cdbfdd-df9b-441e-87f7-bda1bff15840,Andrea Hale,sanchezsandy@chavez.com,210-202-7588x4252,TEXAS,12-31-2022
e4eec67c-1a57-49e4-85f8-e2f8414f4994,Alyssa Roman,bakertheresa@hotmail.com,778-507-9252,ILLINOIS,12-08-2024
8085c147-1e91-4f36-9f70-5b2592502e59,Ashley Yang,trevinoalexander@ruiz.com,(086)353-6541,FLORIDA,11/05/2025
7e4ce29f-f8cb-4b4c-9779-0e845e472e22,Cassie Brock,djones@ayala-collins.com,+1-705-349-4937,illinois,04-30-2023
0b3d0c36-17d0-4810-87a2-a10bb62edb49,Kimberly Flynn,randolphandrew@reed.com,6413836702,NEW YORK,06-25-2023
50a46c85-d9d5-4b02-82d0-4d554aab47b2,Kelly Haynes,fvillegas@hotmail.com,826-199-0623,TEXAS,03-02-2024
73b0d676-3527-45c8-8534-ca08f6f24d1c,Nancy Stewart,charlesharris@hotmail.com,212-775-6185,TEXAS,10-22-2023
bf8211bc-8e52-4c42-b3c3-74a6dac726b6,Samuel Davis,lewismelissa@gmail.com,356-804-4206,TEXAS,11-01-2024
92ea1324-ec93-4596-ab01-57230cf697a5,JOEL LARA,smithmaria@anderson.com,+1-199-410-1372x15107,FLORIDA,05-03-2024
2321e64e-620d-4a1f-879f-66281674eb65,Jennifer Johnson,michaelodonnell@yahoo.com,7209993476x870,FLORIDA,04-12-2024
28dd2bfd-f956-4e95-bb96-4c74ffe62994,STEPHEN FOX,wcasey@stephens-washington.org,564.205.9304x07859,florida,03/12/2022
d631c383-3030-44d0-b2c8-47439027e770,David Ferguson,barbaramcgrath@kelly-combs.com,(395)590-5992,TEXAS,08-03-2024
12916e60-f5e7-4daf-9d69-6bc8dc54d59b,CASEY JOHNSON,carolynsmith@smith-hardin.com,(525)002-9218,texas,01/02/2024
92a54d04-f2dd-41f5-b3b6-d344f2e3c6f0,MARY WILLIS,marcus26@hotmail.com,528.953.9264x4220,FLORIDA,02-29-2024
41b455b8-59b9-422c-915a-ffacb173fcdf,Patricia Bradley,samantha93@cunningham.com,552.157.0433,NEW YORK,12-15-2022
12fecc2b-1acf-42c5-b3a0-212042d943ee,Amber Kim,nicolesnyder@yahoo.com,(861)793-2710x405,NEW YORK,13/12/2023
0cb4e891-188d-423b-bccf-f6eb4c2272f3,JAMES DENNIS,brooke97@johnson.biz,(015)336-8844,TEXAS,03-02-2024
43d75413-a939-4bd1-a516-b0d47d3572cc,Sara Hernandez,pattersonkelly@hotmail.com,+1-973-103-2417x1467,CALIFORNIA,11-19-2022
6319629b-d73e-4bb9-8f9c-a17b8db8dadf,JASMINE WATSON,jacob04@yahoo.com,434.902.1158x693,CALIFORNIA,19/09/2024
31567f2a-cef7-4829-b63e-6ef4f8dfcc3a,Joseph Camacho,thomasmiller@hotmail.com,8989921722,TEXAS,13/01/2023
910c4cb7-25f0-4b0a-a64e-f59d6a18e5af,Blake Vega,maryscott@sloan.biz,+1-548-709-9861,TEXAS,12-30-2024
e1035e1c-e3bb-42ae-a552-ac5309eda6f5,Traci Garcia,floydmikayla@humphrey-baker.info,001-970-246-2996,FLORIDA,11-27-2023
84396fc0-c26e-4706-bc05-9799bdae8eff,Amber Alvarez,andrew44@yahoo.com,132.475.4691x3736,FLORIDA,02-01-2024
76d70561-d2d1-4ef5-9e4c-4fd1462363a9,Kaylee Moore,htaylor@hotmail.com,2330307053,CALIFORNIA,23/08/2024
c7c1fb1b-dd58-431b-8522-26b983666636,Thomas Maldonado,tracy72@matthews-bailey.com,140-602-9333x346,FLORIDA,05-25-2025
9beab529-9801-4a2f-a5b8-36938fbba749,THOMAS HOLLAND,johnnytrujillo@marquez-fletcher.com,(657)437-4896x91085,FLORIDA,09-13-2023
6793cb09-6b27-4eff-a82b-5b364269c28c,Brian Brown,michelle44@gmail.com,(830)965-2074,ILLINOIS,02-24-2024
4e9d23e9-df16-4ec3-be84-8aa2392c04da,LAUREN COOLEY,jessica38@glover.net,2824172482x5135,FLORIDA,04-14-2024
57b936b0-3346-4332-be0a-824e232a5e82,Erin Green,eyork@gmail.com,+1-999-173-8168x4602,TEXAS,03-27-2024
0131ff3b-6221-4670-ba36-e788f71fb9a6,Dr. Victoria Thomas,freemancrystal@edwards.com,432.927.1296x666,CALIFORNIA,28/08/2022
4c56fb8f-0bb4-42b3-92e7-6deb10b6a662,Monica Dodson,andrewsmith@hotmail.com,354.216.8942,NEW YORK,25/09/2023
417b6634-a3ec-452c-a065-3245600c9c71,JOSEPH WARREN,matthewvalenzuela@yahoo.com,001-326-033-2309x82150,ILLINOIS,08/10/2024
1e23da4b-9e21-441f-b801-102682f73861,Linda Williams,williamsdarrell@james-kelley.info,001-230-461-8499x261,NEW YORK,13/09/2023
e79f9f3d-19ee-4c3b-b93c-4b0bb93b770c,Brian Gonzalez,marie35@ortiz.com,001-753-001-1972x181,new york,02/08/2023
5f642a53-17cb-485d-bbaa-574fe0e3c5ce,Joyce Madden,lwilliams@gmail.com,5561100225x5794,CALIFORNIA,15/12/2023
0760801f-9c81-4c46-9bcd-236cc7774fae,JAMES RIVERS,evaughn@yahoo.com,+1-212-021-6979x7296,NEW YORK,05-29-2025
9e44e98c-b359-490e-b030-9aaf85ea16e0,Monica Snow,arodriguez@yahoo.com,1450899358,TEXAS,11-25-2022
0ce3c8c8-4735-4e4f-b85b-6d0a54b58635,Nicholas Olson,marygrant@hotmail.com,0287721753,FLORIDA,26/08/2024
9e7b1e95-f692-441a-9aad-10cecab24f24,Mason Powell,stevenslaurie@miller-jimenez.com,701-660-8801,illinois,03-17-2025
0bb81d38-1b37-4f19-b3bc-912f5fb7474e,Jordan Clark,michael03@yahoo.com,899-757-1130x55488,ILLINOIS,03-13-2023
811317a8-f4c8-4393-96dd-6c82a8909e31,Rodney Newton Md,jacobconrad@yahoo.com,735.160.9177,CALIFORNIA,01-26-2023
57c5982c-f6ae-40e8-a5da-ced0460a6125,April Fitzgerald,xglass@gmail.com,001-922-169-9586x693,TEXAS,09-30-2023
9215583a-9532-4aba-baf9-85ff8ff19886,CASEY GUTIERREZ,jennifer83@gmail.com,945.228.8515,new york,02/05/2025
c8cba592-b0ca-42eb-8fe1-621ad6e1ba00,Megan English,hstokes@gmail.com,6200342442,ILLINOIS,10-02-2023
0351b09d-0dc5-4b06-8d58-09b7f740d87c,Joshua Howard,jensenemma@hotmail.com,863.840.6665,NEW YORK,07-26-2023
4773e66a-6db2-4020-8a67-01436090103c,Sean Dalton,rhondabush@hotmail.com,(989)334-7212x281,CALIFORNIA,11-11-2024
67465743-897b-403d-8b07-4d1a6a7a7841,Christopher Singleton,steven20@mcfarland.com,001-947-985-1583x28182,FLORIDA,20/11/2022
f1eab64a-cbd4-41cc-aa7a-8c2161a1a29c,STEPHEN ALVARADO,kelly98@yahoo.com,+1-015-739-9305,,24/12/2022
3692a531-c609-4cd8-a127-dc6bab9b153d,Joshua Campbell,stucker@hotmail.com,581.128.8013,california,05-30-2025
6789e7d0-a155-4b2c-b37c-f8b563561add,Brian Medina,burgesseric@yahoo.com,0015011024819x346,CALIFORNIA,05-03-2024
24e2226c-a250-4133-b5cb-5be44b83b570,JAMES WILSON,avilabrenda@charles.com,+1-491-476-6072x83268,ILLINOIS,10-07-2023
a55bc44f-e7d7-4d1d-a9a3-b9913634646c,Suzanne Norton,spencerangela@gmail.com,0996881435,FLORIDA,09-04-2024
5b6d6b7c-54b2-4582-b398-1e9e7cb882a0,Clinton Jensen,dannylambert@hotmail.com,8781414139,TEXAS,01-16-2023
c65720ae-5bd6-4d4d-b202-fae5767d3b27,Cynthia Mitchell,louishayes@hopkins.org,(562)053-3645x257,,10-18-2023
78dbcde3-8a28-4792-bfac-a645e4dc4306,Mr. Matthew Miller,patriciagonzalez@hotmail.com,+1-110-809-9693x0848,NEW YORK,04-11-2025
f06dca24-7bc6-4121-bb64-a525bc653d94,Holly Walker,stevendixon@yahoo.com,(803)928-2722x992,TEXAS,01-09-2024
96721e98-5d84-46e0-a0e6-96ffa75743f9,Philip Hall,jim38 at yahoo.com,(770)051-8449x8926,ILLINOIS,04-10-2025
b862acc3-5489-4c37-8fa9-026b6a241f46,Angela King,wgomez@sparks-eaton.com,272.318.4322x25913,CALIFORNIA,24/12/2022
f8205aa7-996f-4e88-a7cb-fc39f54f1b92,Mr. Daniel Martin,sanchezdavid@hotmail.com,(280)9202428,CALIFORNIA,11-22-2024
60d2759a-3ad5-4382-919f-b03e97314c91,Sherry Luna,robinsoncatherine@yahoo.com,236.929.2984x2579,CALIFORNIA,02-19-2024
b298b811-0b1e-4578-9ff4-7c515ed10e7f,ALAN MILLS,catherinethompson@hotmail.com,+1-088-117-2980x686,CALIFORNIA,10-01-2024
ca179780-be5f-402f-b58a-c73801667221,Todd Olson,brianna91@yahoo.com,(473)149-8643,CALIFORNIA,07-12-2022
93e0f235-4e80-410b-bd0e-e0b640f7924b,Autumn Smith,robert12@pearson-king.net,(959)463-6887x25887,ILLINOIS,12-17-2023
09aa5570-9be9-40c7-947d-7bfc5eef0d1e,Jennifer Taylor,seanlyons@garcia.biz,890-260-1279x61143,FLORIDA,02-18-2024
0012d399-a7af-4545-bd3f-ec1b5c17ebb5,Jennifer Douglas,bautistalori@hotmail.com,703.843.0988x3920,,03-02-2023
2ccf1472-42d7-4112-8130-d66b932d1648,Donald Ross,hwillis@gmail.com,001-118-489-5543x9376,illinois,03-24-2024
1dc3c26e-7b62-459e-8700-749adcad8ec2,Kristin Gordon,prattsue@hotmail.com,001-476-973-5779,ILLINOIS,08-05-2023
df6c0d60-3df7-4a69-bc45-144a3c1fdff0,MARK GAMBLE,robert58@smith.com,(518)2755394x2373,texas,08-17-2023
c00b19de-38db-428d-a5db-6e4347bf8db7,DALE WRIGHT,kimberlywilson at gmail.com,+1-790-807-5957x94728,ILLINOIS,12-12-2024
f562037b-78aa-46ea-84f7-f01a3cb526d7,Joseph Henderson,phillip27@wolfe.com,001-003-691-5594x284,ILLINOIS,02-07-2025
f58ab7c7-cccf-4130-a556-03d4323132fa,Clinton Coleman,michael64@yahoo.com,(929)314-3866,TEXAS,18/02/2023
41f9994a-cf5d-437f-ae8d-5daa8eb7c306,Adam Fisher,kristen44@garrison.com,3471754558,CALIFORNIA,12-17-2023
12439b0f-e835-4080-9951-8f98679f2f42,Bryan Dillon,tiffanymitchell@nunez-freeman.info,694-722-5699,NEW YORK,31/10/2022
efd1b588-1054-42d5-9876-35761a5ed196,Darren Stewart,catherine64@yahoo.com,001-598-762-2023x41326,ILLINOIS,07-05-2024
f2cffcae-f833-4bfb-a296-e3f171e15b9f,Allison Sanders,bakereric at huynh.com,228.200.5577x848,TEXAS,06-18-2025
22e49628-d913-457d-821f-84fcd0bcbad5,Leslie Bryant,regina78@gmail.com,7456424008,NEW YORK,17/12/2023
6c17e150-1447-46cc-8352-acea3878becf,Joseph Watts,xevans@yahoo.com,930-853-6866x3266,ILLINOIS,02-26-2025
04f718c8-5215-4503-b012-f8197df37378,PHILLIP KENT,deborah84@yahoo.com,122.417.9749,CALIFORNIA,02-22-2023
6475c0ee-c691-4069-8439-940d0e588770,JOSEPH LOPEZ,joseph70@davis.info,564.757.0512,FLORIDA,19/10/2022
4fe66636-f612-4d2c-ae73-00eb639d8fe7,Catherine Huang,hclayton@hotmail.com,673.037.1837,illinois,11-14-2023
94c176b9-0ac0-43d5-b805-90f002493a09,NICHOLAS GARNER,timothy43@clay-boyer.com,365-024-9163,CALIFORNIA,06-08-2025
bbb24366-704f-41a8-a44c-bd41ce36e92a,Kyle Watson,ericdavis@morgan.com,5281273585,NEW YORK,04-26-2023
290c4414-8df5-4b01-9c4d-b762ea1af7d2,James Ramsey,washingtonsamuel@yahoo.com,+1-739-285-5749,ILLINOIS,15/10/2022
5295ea96-487b-45d7-9cf0-23dd277529a2,Joanna Weiss,osmith@hotmail.com,(209)593-5186x3878,NEW YORK,03-28-2024
1224cbd2-b7c4-43ee-9b1f-c6d1388149dc,Ashley Mills,conleydavid@harris.com,0967899405,TEXAS,07-21-2022
317046b9-3080-4a5d-a2a5-0eec881af04f,CHRISTINE HENRY,dowen@grant-hurley.biz,(094)801-4138x113,FLORIDA,25/09/2024
fdd084a1-8cd2-416f-90ad-ff63e7094153,LAURA MEZA,mirandabarbara@hotmail.com,612.286.8528x975,texas,17/11/2023
36fea0b4-38cd-4122-bc01-45e14ce2afa2,JENNIFER SCHULTZ,annalewis@hotmail.com,001-457-760-0490x8240,CALIFORNIA,11-02-2023
bbf8da91-37a9-4824-aafa-4d5b91ae3d4c,RODNEY NORRIS,clintonstevens@gmail.com,(459)334-4196,florida,10-28-2022
2737f345-3886-49ff-b2a0-f778809d6444,Rebecca Thompson,benjamin96@deleon.com,(613)906-0480x58925,ILLINOIS,09-17-2022
7ce4770e-32b7-4d80-8f2e-08d37b1dbca3,Yolanda Maddox,ryanhartman@anderson.info,001-086-416-8622,ILLINOIS,03-06-2024
ec993c80-0b7d-4856-b0c2-360025545c1a,CHRISTINA GILBERT,charlesfrank at cohen-johnston.com,+1-665-535-5904x25979,florida,06-28-2023
242f5829-fe07-432a-badc-45999f7fae0c,James Todd,singhjohn@mcintosh.com,147-705-3833x88487,NEW YORK,06-14-2025
e76428c4-197f-40fd-b5ae-2a56fa033d6c,Alicia Aguilar,george43 at williamson.com,645-104-6368,CALIFORNIA,03/11/2023
47bac8aa-f2f9-4b2c-8e10-814ff1b2f143,MR. BRANDON GONZALEZ,williamssandra@yahoo.com,762-055-5438x40460,,16/06/2023
33ca9a6b-ccd3-4f7c-af1d-cfb88a962a11,Steven Sandoval,rmeyer@salas.org,(649)578-2329,FLORIDA,01-31-2023
21acfdb5-1b55-4f6d-b01c-6abfc7739d46,Michael Mills,xforbes@douglas.com,188-125-2056x64742,NEW YORK,04-13-2023
be0bbddd-38f9-4001-a9bd-40d8f3402dd3,WILLIAM JENSEN,jerryjohnson@watts.com,975.267.7223x30604,FLORIDA,05-08-2025
0adbc4ff-e0b5-4615-93b6-ef1b74f76d09,NORMA JONES DVM,dwatts@gmail.com,(609)656-9998x80817,NEW YORK,07-17-2023
e4f2ae4c-f016-416b-95df-e6cbc75aec94,JENNIFER MOSS,leescott@yahoo.com,001-472-649-0827x71812,NEW YORK,06-16-2025
e98965f2-2bbf-4e35-84ac-b57d0b3d6dc9,Jenna Morris,shawnmosley@khan.com,211-175-1868x92686,,12-03-2023
37850b5c-3ce5-488c-be53-d702e1f8d192,Mary Hernandez,kaylawilliams@collins-mack.info,212-309-4077x7809,NEW YORK,12-31-2024
2da1afda-fe65-4dcc-aabd-b05a1be00f8e,Jordan Ramos,nicoleramirez@grant.com,5020994510,CALIFORNIA,03-08-2023
35845d71-b221-41c5-b5b8-6d0a864f36dd,Lisa Holt,xcurry@davis.com,(616)814-7214x586,TEXAS,02-05-2025
b565f64e-3b93-453f-9c02-040de237c877,Kenneth Krause,mramsey@mitchell.net,001-952-997-8772,NEW YORK,09-25-2023
57637902-5552-4712-af92-ef221d2467e2,April Johnson,laurenduarte@williams-bailey.com,3441448850,california,03-07-2024
54eb8e20-af7c-4d2b-93d0-54e43550b07e,Lisa Johnson,markmorgan@mendoza.com,278.576.0849x5880,ILLINOIS,01-01-2024
4d79132c-f362-4408-9457-530573b0220d,Chase Pittman,ksims@hotmail.com,+1-629-145-0461x735,FLORIDA,01/06/2023
6338fb29-7599-4b0a-895b-81d6b97d7617,Carrie Brooks,robinwallace@lloyd.com,578.452.1823,ILLINOIS,19/09/2024
9f795228-f553-4567-83e7-dd211d4d46d6,ERIC WILLIAMS,steven01@miranda.com,+1-353-344-8571x4224,TEXAS,11-16-2024
1b1e06c3-0cea-4f73-aced-4d55e73e2bc5,Christine Bell,donald49@gmail.com,(149)587-0207,illinois,16/02/2024
2ef03a1b-645f-473c-9d0b-042de9b14c76,Jeffery White,larry38@gmail.com,001-792-171-7477x33294,florida,06-21-2025
b6da99cd-d14b-456c-a7db-09431a59c3eb,Erin Valencia,efreeman@yahoo.com,577-245-9928,texas,12-14-2022
8b661d1f-579a-4954-898e-3f5b9134c0b7,Matthew Sparks,pgarza@hotmail.com,827.615.3966,ILLINOIS,06-13-2025
0fbd4c81-a900-4ecd-a51e-01ad7e8a2078,MATTHEW MILLER,vargassteven@hotmail.com,7246191965,california,18/11/2022
d8feb8de-6779-4b58-82ab-23a0fc862110,CHARLES CARPENTER,donnachavez@price-lane.com,549.465.1909,TEXAS,01-15-2023
239a046d-7991-4c51-ac64-9adfa998c8e1,Amy Santana,warnerlori@rodriguez-campbell.com,696.566.6683,ILLINOIS,04-19-2023
c9f7369f-e4c1-4210-b4be-4b20dc32f8a0,Sarah Ward,keithsalas@gmail.com,(010)276-2126,ILLINOIS,06-15-2025
948c7eb4-1cf8-470b-9e5b-2ad8b4732eb6,JESSICA WHITE,ocruz@gmail.com,(909)7384689x50097,ILLINOIS,07-18-2024
743b9f71-7807-4947-82c2-b367c74d8df0,Angela Cross,hblack@hotmail.com,3718949058,ILLINOIS,09-04-2024
d9f850e9-13ad-4ead-816e-bf3220775ce4,LAURA RIVERA,keith09@hotmail.com,940-792-9049x0471,NEW YORK,09-05-2023
d66de2a1-2776-44d0-925c-7d37ef16d03b,Luis Hill,figueroacassandra@hotmail.com,001-275-243-7280x5129,texas,09/08/2024
b4a2b699-aefa-423b-a13a-9ff93bd13a43,JENNIFER REYES,jasonnavarro@yahoo.com,4102767478,TEXAS,02-26-2024
acdfe0ff-c5ed-4982-b60b-36736422a73e,Charles Berg,sara76@stewart.com,+15694544149,ILLINOIS,11/07/2023
9e90d107-0611-4bfe-88b6-f61d316da914,Leah Lee,lawrencesmith@gmail.com,061-817-5344,CALIFORNIA,11-20-2022
12f178bd-c7de-41a9-a976-9b0f41e0cfaf,Kristopher Shannon,ericksondavid@anderson.org,(124)471-7465,florida,09-04-2023
9243a301-1206-4ad6-92aa-da4b08eca4c8,JANET COOK,stephanie42@jones-krause.com,+16271286391x741,FLORIDA,07-25-2023
ff3c6d4e-a1dc-4cab-8e21-3ce5668eb10e,Alicia Jimenez,ortegajoseph@rivera.info,661.830.6719x8554,FLORIDA,04-01-2025
8a619e64-caf0-4442-9020-48e6638644e0,Joseph Woodward,shodges@harris.com,615-717-3203x0937,illinois,26/03/2025
7d283421-243f-45fe-bc47-16ad0970d09d,Joseph Flowers,johnsonbrian@hotmail.com,6138782931,new york,04-11-2025
d5fd46d7-cfbf-4796-965c-1e3f6d1c31d6,TERRY MONTGOMERY,alexischen@hoover-davis.org,(911)179-9313,illinois,05-19-2025
04005940-2862-4b4e-8714-d549604a1fe2,Bryan Sutton,mary30@thompson.biz,(582)739-0219,CALIFORNIA,07-26-2024
f346bbe7-9caf-4bfe-bff8-a2c6b79a566b,Adam Howe,ysteele@yahoo.com,001-232-487-6329x092,TEXAS,11-14-2022
0b099fcc-ec34-4cf0-ab8e-77a128e60130,Rachel Bailey,jamesdowns@montgomery.net,734.031.2772,NEW YORK,22/09/2022
32e15f17-6b47-4d61-9372-ebed946b4482,DOMINIQUE HAMILTON,vwilliams@gmail.com,+1-220-781-1379,NEW YORK,05-17-2025
450ab36d-f9be-47f3-9bcc-90fca1cc22d8,CRYSTAL RODRIGUEZ,youngrobert@bennett.com,970.623.9726x5273,NEW YORK,05-11-2023
8592a38f-db62-41f7-a964-eb1616232e87,Andrew Carroll,danielowens@yahoo.com,(534)929-2983,,07-29-2024
cc4ae02c-cf49-44e0-bab1-653364f22a7c,Cindy Wells,alexis63 at gmail.com,693-929-0600x78068,california,17/06/2025
2f589a81-67c5-429b-b400-a5e1dfcb821b,Jodi Allen,idodson@phillips-holland.com,7427990772,california,27/01/2024
9e7f87a7-7721-4daa-9d97-5cdc620956a8,Michele Smith,vbarry@johnson.org,+1-931-950-8501,FLORIDA,09-02-2022
d45e087f-86d4-4ba8-805f-08927c795dd9,CHRISTOPHER HANSEN,devonrogers@wilson.org,001-335-548-6401x557,TEXAS,01-07-2023
26870a98-7f0f-4662-a5e0-50f6b273f93c,Joseph Bryan,zoliver@hotmail.com,001-137-116-2411x241,TEXAS,05-14-2023
3a0e618f-428f-4941-8a0d-72ce2bf6f6c4,Lori Carter,creed@newman.com,569.557.9887x74924,TEXAS,07-22-2024
8fff29f7-3485-4fcd-af3b-2b185ea2d56b,DWAYNE BRUCE,justin29@joseph.com,(223)105-9274,CALIFORNIA,23/08/2022
e82956cf-ba81-4860-90b3-032dccb1063d,Vanessa Hernandez,amandamartinez@gmail.com,(727)520-8854x7492,FLORIDA,05-17-2024
abeb35d1-ad54-46bc-b209-8a7bd975a562,BRIAN MENDOZA,ericawilson@morales.info,(150)939-8343x018,illinois,13/11/2022
4da08e48-3531-418a-a4c5-8b47160934d1,JENNIFER HENRY,raymond65@watson-mitchell.com,781-376-7426x6299,texas,07/07/2024
76a4c79b-bd67-4458-8f2d-0b177e7d5e88,Kelly Rogers Dvm,smithdanielle at yahoo.com,(287)923-2648x70494,FLORIDA,06-14-2023
de4beb12-6fa2-4f92-90c9-7f007b011fdd,Aaron Baker,valdezpatricia@yahoo.com,(730)147-1959,TEXAS,08-05-2023
a0c69223-c435-4252-b19d-d940838cc137,KAREN BENSON,william90@martin-brown.com,252.045.6504x481,NEW YORK,11/04/2023
29bc4734-e929-46be-abc0-95f5571ec230,LINDA JACKSON,margaret44@hotmail.com,001-518-952-0284x576,FLORIDA,07/12/2022
b023dbc3-2471-4957-b1b9-fd9ddb583dd9,JONATHAN DECKER,estevens@fuentes.info,(452)798-5240x132,texas,17/06/2023
02a13629-aae6-41a1-8d38-a8d010f59651,DANIEL ZAVALA,joneskim@yahoo.com,3108907140,FLORIDA,11-27-2022
4827c440-f6d9-4e17-b109-4211b73f6e64,Tamara Harris,ellenjohnson@singleton.org,(528)938-9119x083,FLORIDA,03-24-2023
5c7ae8ef-c324-4e35-beed-cc6522cb2720,Kimberly Beltran,samanthayork@richardson-lawrence.info,+1-125-663-8361x51718,CALIFORNIA,29/06/2025
a8969e70-85cd-4384-b024-979265787d0c,NATHAN MILLER,cruzstephen@hotmail.com,738-646-3175x2071,new york,05-16-2025
67899d92-f33c-4c36-9a69-0cadaaab5830,Charles Morales,calvinhester@gonzalez-anthony.biz,367-499-4657,TEXAS,22/07/2024
7f764fce-a97e-4131-8b26-f0a333b1cca4,Brittany Gibson,tracy32 at garcia.com,026.952.4991x1877,NEW YORK,07-31-2024
acce693e-91a0-4ef2-9c00-7554c3963bf9,Kimberly Pacheco,ewingnicole@reyes.biz,700.284.2762x467,TEXAS,01/08/2024
cf3ee4aa-594f-4d27-9dcd-0d40d6415102,Melissa Armstrong,williammyers@yahoo.com,001-695-450-0902,FLORIDA,12-24-2024
a863782e-75fe-4857-8991-946d537c64b0,Steven Peterson,wreed@bell-stanley.com,491.141.5208,ILLINOIS,17/04/2024
f95f17e6-d8ea-431b-a2ac-78967f383a3e,Stephanie Adams,odomnicholas@yahoo.com,917-135-7852x94563,ILLINOIS,10-26-2022
81300e68-4d45-4885-92e0-8e57a6cb1dda,Kimberly Mitchell,wendy63@newton.com,0015419876351,ILLINOIS,10-09-2023
a0733e57-ba03-41f9-90ed-01d3ef444cf5,Joshua Gonzalez,colleen78@gmail.com,8297374896,ILLINOIS,10-02-2022
6c097204-6fa6-481c-bdc5-62858f50b11f,Helen Hernandez,megan65@walters.com,249-363-1230x3477,ILLINOIS,31/03/2025
d7be7b4f-b967-4dc6-96fd-d1a5f17312f4,CHRISTINA NELSON,kristine48@newman.info,0159416516,CALIFORNIA,02-04-2023
b31a25b5-5fec-4a6e-8891-7cf57d8823d2,Kenneth Mason,tyler13@martinez.org,001-636-321-2347x6490,NEW YORK,12-23-2022
db8ec35b-3c83-461e-9df0-a0a288efe82b,Jeff Vega,michaelbaldwin@yahoo.com,9003486451,FLORIDA,05-18-2024
eb25d7e7-e073-4c70-ac20-2d89b7a69c32,Theodore Long,christopher34@gmail.com,(756)041-7765,illinois,12-03-2022
f83bf029-b6ac-4048-8430-8e0c3fe604f4,Melissa Hunter,jguzman@hotmail.com,700-272-0634x59112,california,04/04/2025
ec511744-05e1-4e2f-b2b7-4922054edd71,SARAH JENNINGS,vmendoza@gmail.com,295-431-6526x693,FLORIDA,11-14-2024
1e56d346-7e80-4d05-ac71-b531d3c724e8,Lori Meadows,josechristian@gmail.com,(969)421-5291x0867,,06-14-2023
9e204ac7-3c48-4936-8305-4a31f9e38905,CHERYL ATKINS,julie62@yahoo.com,934.362.6204,NEW YORK,05-31-2024
ff2a50c0-5ab3-43c9-a881-88c3788f06ed,Jaclyn Sutton,smithdean@yahoo.com,0016366941180x053,FLORIDA,27/01/2025
87c9daac-b5d3-4f2f-913b-b65c16f32b93,Tracy George,kingchristine@madden-lambert.com,+1-092-428-7572,CALIFORNIA,05-03-2024
092e44b7-2ee2-4989-bad8-24060df81d2b,Bruce Williams,rsavage@ward.com,+1-485-625-7287x032,TEXAS,06-30-2024
365f982b-95ee-445c-a9c3-640de411a9d7,Michael Graham,alexandervanessa@hotmail.com,771.215.1342x2849,ILLINOIS,12-23-2024
9f534d9a-a7fa-4009-8b39-8e89f842e163,Mrs. Pamela White Dvm,vrhodes@mitchell.com,(591)520-1777x4905,FLORIDA,06-03-2024
6374ed14-29b6-4b14-b54e-15ecda33562c,NICHOLAS NAVARRO,michellesolis@morris-brown.com,+1-961-642-3610,FLORIDA,17/03/2024
0a5a2698-17cb-47b8-ad0f-74e6a174a785,Paul Valdez,travis64@munoz.com,377.674.9961x65926,florida,09-05-2024
18302082-69bb-43c4-acc7-21f082ba0fed,JOHN WALKER,prose@miller.info,224-386-4908x1081,FLORIDA,21/06/2024
cf5c8dd3-df10-4434-ab09-6202f77aefe1,LAURA KING,mackallen@hotmail.com,+1-722-601-6459x77945,,17/04/2023
f69072cf-ac7e-4cc6-b0cf-3e7f5c58b8ba,Blake Hendrix,hamiltonandrew@yahoo.com,027-769-7499,CALIFORNIA,07/06/2025
f6bffaa9-71fc-42e6-b3dd-7820bd20c36a,Regina Miller,leelisa at waller.com,+1-368-314-7276x0122,NEW YORK,23/07/2024
938f2b90-6c08-4d6c-84de-78f8873f3f03,Scott Richards,ashley60@smith-mccoy.biz,(799)840-7678x99730,CALIFORNIA,11-03-2023
d7abed02-da7b-428b-9a23-3be3ebf6dd32,Debra Wong,simpsonsheila@yahoo.com,602.437.5738x395,ILLINOIS,16/04/2025
f16c084e-6a7d-4379-8b21-aa8019d4d39a,Stephen Sharp,rwhitaker@hotmail.com,001-572-934-1722x3297,CALIFORNIA,08-05-2024
5af1128c-c8ee-46bf-971f-7cdbfe60afde,Daniel Williams,nicole52@clayton.com,561-931-8374,ILLINOIS,09-11-2022
bb88854e-7f96-4d71-8182-70d2c3101e2e,Kristin Kemp,housesamuel@estes-campos.com,+1-918-081-2135x247,FLORIDA,12-02-2022
e5e79add-68c8-4ed8-ab03-5cda69d53317,Jack Fuentes,scottperry@sanchez.com,821-456-5328x6326,FLORIDA,06-12-2024
e8c35a79-504e-44ac-be21-6c79b8b791b0,Kelli Fleming,athomas@drake.com,(260)602-9084x6684,illinois,12-17-2023
85764472-4fef-463f-8d41-d66082fce908,Douglas Rose,ngriffin@weber.com,+16341085628x8431,NEW YORK,12/12/2023
beea002a-ce2d-4105-bc70-dfcafba2a5f1,CAITLIN JOHNSON,marilyntorres@yahoo.com,105.485.1017x49075,illinois,12-20-2024
79ebb8bb-214b-4473-a375-58676cc56071,Stephanie Burton,kevin92@gray.net,001-357-126-6110,,05-30-2023
f1ae8af9-2826-4561-bf1a-61d70858f527,Jacob Fox,breanna67@hotmail.com,622.827.7288x1377,NEW YORK,11-15-2024
2ede2487-3730-48be-8892-4bd6e39940dd,TREVOR GUZMAN,martinezashley@gmail.com,215.454.4702x29604,ILLINOIS,07-29-2024
e6766b0a-3b9a-4daf-a321-d75368dd66fd,Joshua Jones,tolson@chavez.org,(287)772-5199,TEXAS,03-06-2024
1ecae0c0-04c7-4b2a-a598-e5c280acefb5,Angel Santiago,debbie20@hotmail.com,+1-481-813-9890x9837,NEW YORK,18/04/2025
1d59598c-174d-4b87-81d6-676a61cb78c3,Catherine Smith,mariacombs@wallace.biz,001-070-562-6085,NEW YORK,12-02-2022
1ef7a52e-e645-4b00-93e6-dc21f10b394d,Dominique White,kristopherrussell@brown.com,0461526546,NEW YORK,09-19-2022
4dfb1b6e-2025-4194-8903-cc1da6cc0a57,PAUL WILLIS,ravery@gmail.com,786-170-6304x89138,,29/11/2024
a1d8507b-d7aa-4f83-99f6-864dffce50b3,BRADLEY FIELDS,nathanielgalloway@medina.net,007.942.0074x946,,05-27-2023
e6c51969-0118-41cf-b9fd-cd339bd972ca,KATRINA WILLIAMS,christopher12@hawkins.org,554.743.5537x95020,TEXAS,15/07/2022
71cfd772-3167-4947-afad-f0695ed7d1a6,Jennifer Woodard,ymedina@hotmail.com,+1-180-715-6956x2017,CALIFORNIA,07-15-2022
80155756-91b0-4f07-8700-3fcfdeb2d490,Alejandro Campbell,christopheraustin@yahoo.com,001-337-504-7930x361,california,06/08/2024
77723a5a-84ae-4fbe-ae1f-d9571f28e417,Cory Rodgers,chapmanjulie@green.com,430.894.8706x05664,NEW YORK,08-08-2024
18c30aa9-a013-4044-a041-301d10168d65,Peter Stephenson,ramirezrobert@stewart-myers.com,903-613-3254,CALIFORNIA,08-13-2022
0f892df6-f97a-422c-95e5-9a0f1ff49f0a,Robert Watkins,john73@yahoo.com,5831997179,NEW YORK,21/08/2022
e143a0ad-6d98-467e-8b8f-e98176d6682f,Steve Steele,ellisonscott@bishop-reynolds.com,+1-080-466-1963x99076,,02-18-2025
0b483935-cc09-4e64-a33e-84ac3e3f3da0,Gina Pace,lholmes@rodriguez.org,001-193-928-4567x972,florida,10-02-2022
f9fc9c3f-3206-4388-9804-550b6c0c32f9,KEVIN PALMER,brandy82@gmail.com,495.450.8920x3880,TEXAS,05-08-2023
7b122ee5-3d30-4a07-b690-3edb9fb938e0,CHRISTINA JONES,dneal@schwartz.com,+1-465-217-0730x337,CALIFORNIA,11-27-2023
430493f0-d7c7-43b7-ad13-68f305808066,JAMIE ROSS,alejandro50@wilson.org,001-500-334-2342x58323,NEW YORK,12-05-2022
9db402f1-c359-4dc2-8bd3-72a9ebc78c06,MICHAEL GRAY,sharon47@wood.com,961.122.3386x55963,FLORIDA,12-29-2024
5fb68406-b665-4a34-9263-00282dd2d8c0,Joseph Clarke,brianflynn@gmail.com,973.179.1286x85787,ILLINOIS,09-24-2024
226378ab-15b2-42b4-8cf0-f97b4128d40b,Michelle Simpson,ylittle@hotmail.com,+1-033-373-6346x6925,ILLINOIS,08/11/2022
c92efe01-1402-4a93-a4c6-88ec8bf160df,Joseph Hall,vhunt@hayes-reynolds.com,546.027.3415x1488,TEXAS,09-03-2023
a7c24c68-c1ff-4427-9477-d9d7d26580c0,Annette Jones,matthewleonard@turner-ochoa.com,928.404.4566,FLORIDA,07-19-2022
4e39f65a-20db-4294-9fae-180393d797e7,Jose Juarez,uperez@clark.net,001-775-153-6637x78052,NEW YORK,16/07/2022
3036f6b9-62ed-4403-88d4-5ff4104f3fc5,MR. HENRY PEREZ MD,mark09@gmail.com,(259)999-6636,FLORIDA,07-07-2024
11ea2c00-863e-4be2-a8d9-92924a85e443,Keith Hayes,jacksonemily@gmail.com,9702316433,FLORIDA,06-06-2024
f06c69d9-9339-404b-9a8c-b3d728a5e34d,Joseph Jackson,hmoore@gmail.com,+1-671-632-3467,FLORIDA,10-26-2023
cad73d36-b62e-4f02-97b7-3862b347f1d4,KATHRYN COHEN,adrianthomas@gmail.com,(938)597-7790x1475,NEW YORK,10-06-2023
fe0d40b4-6949-4671-be55-33bae8a2f417,Rodney Horn,haydenwilliamson@yahoo.com,629.160.3248x413,FLORIDA,05/11/2024
76d8cbc7-bfa9-4b6e-ab98-7d9353bd8128,Jacob Campos,qhayes@gmail.com,070.176.5636x00412,ILLINOIS,07-23-2024
ad68fb45-02de-42e6-837a-927babe05b22,Bradley Sandoval,thomasramirez@gmail.com,(091)241-8621,ILLINOIS,08-29-2023
03ba33a0-fd42-469c-8727-59406bf36656,Hunter Robinson,scottwilliams@cain.com,(470)900-6335x3310,california,06/12/2023
63a1bcaa-0311-4626-90f5-1e97a76c11cb,Melanie Brown,jenniferwilliams@rodriguez.com,+1-386-613-3155x206,florida,27/05/2023
7b6ce596-aa97-435d-99ff-74ebfa5f9e72,Austin Briggs,jonesjeffery@yahoo.com,001-971-892-4195x62525,CALIFORNIA,10-13-2022
4beef160-7fac-49fe-9fe0-c7c32336d60b,Lee Richards,wesleybush@gmail.com,091.436.3910,FLORIDA,05-10-2023
018c0313-a139-4d49-b13e-90352efcd60c,Dan Johnson,dennis50@hotmail.com,(403)553-3803x39685,illinois,10-09-2022
147bed20-7b2e-40e6-8802-8d0edcc7eb51,Andrea Lee,davidthompson at guerra.com,(742)336-2934x49734,NEW YORK,01-10-2024
7b189d5d-9b24-4a55-8fe8-8b776009a05a,Christopher Alexander,lorileon@gmail.com,001-661-498-2824x67474,florida,10-20-2022
e9c000f0-c571-49ab-8158-9d90f5044d15,Miguel Gonzalez,smithvincent@brooks.biz,001-567-491-6016x9236,FLORIDA,24/12/2023
62649ce8-eab8-45be-b62c-09bfa4f73a30,KATHERINE BARKER,vhouse@allen.com,+1-024-972-4399x2011,california,03-09-2024
18cc8417-0067-443e-bde1-936bd0fee4f1,Valerie Miller,bmartin@holt-mason.net,+1-694-611-9524x36402,ILLINOIS,10-17-2022
4264e318-311f-4d4a-8258-9de2cf265489,Jennifer Butler,xjackson@gmail.com,001-237-281-7932x302,CALIFORNIA,03-27-2024
c2e8bfc2-f649-4cde-bca5-4576852393d7,Thomas Rodriguez,carternicholas@brown-johnson.com,710.040.9013x8069,texas,08-17-2023
478b2f00-87d7-4309-9e77-21561f76043f,Kara Rogers,nathan55@gmail.com,(669)055-1076x209,FLORIDA,21/06/2025
9b6fbe20-4b3a-4a83-a286-16f4bbf9a04b,DANIELLE HAYES,akeller@hotmail.com,0505739769x15671,california,04-30-2023
53958e5c-edd0-4e02-add3-2be929052dd7,SHEILA WALTER,tylermiller@davies.info,783-332-1160,FLORIDA,02-16-2024
1672380e-4a7d-4fa1-9d9d-db864253fb27,Connie Scott,wadesandra@hotmail.com,001-715-399-1566x8633,NEW YORK,12-21-2022
4bfca0ca-f161-4bab-90ef-1299250b1c5a,Patrick Pineda,david56@mclaughlin.com,(655)289-9316x0875,CALIFORNIA,06-06-2023
6c24dcaa-5660-42e1-a46c-d3c18c45fc9e,MR. KYLE THOMAS DDS,kyle14@berry.com,001-605-233-0276x420,NEW YORK,19/05/2025
32167340-bf95-4f33-8dea-6f5237d7cab3,GREGORY MYERS,justin38@davis-morris.org,4729277423,FLORIDA,04-07-2025
7d169638-658a-4377-bda8-b37a1e69d7ef,NICHOLAS JOHNSTON,bclements@skinner.info,(018)5962630,TEXAS,14/10/2023
4612d424-7ac0-47a6-9297-eaacfcc2ed18,Tiffany Delgado,stricklandmichelle@hotmail.com,(475)011-1178x3099,ILLINOIS,06-12-2025
f736df7e-351c-486a-80c3-d59ec0e5ea1a,REBECCA WHITE,ievans@gmail.com,182-606-8887x18981,TEXAS,19/04/2025
f23b1efb-0bd1-4d4a-8cf4-1edd3f9304fa,Catherine George,peterslauren@williams.com,+1-218-401-1845x8260,FLORIDA,09-14-2024
13093c17-6c09-4d0a-9f4f-e355baa6961c,Elaine Ferguson,hneal@obrien-dixon.com,+1-030-324-3298x39542,NEW YORK,11-01-2024
9a86013d-f6c9-4d38-86a2-074c61025637,James Mckee,qmiller@hotmail.com,(283)143-5989x26256,,20/07/2023
1875589a-7d57-451f-8e8a-5306d2438d1b,Caleb Rodriguez,murphychristopher@yahoo.com,001-423-401-6361x12849,TEXAS,09-29-2024
27ce46ce-b695-42bf-8379-05edafc8d769,Kenneth Campbell,mosleygeorge@yahoo.com,(588)967-9240,TEXAS,04-17-2025
f1e2cce7-3d73-4c3b-bade-33a013a22a82,James Moss,jasmine39@mann-white.com,844.683.4146x511,,23/11/2022
a942b4d7-bd2d-4fff-be85-544c3e859c67,Anthony Paul,haydenroger at hotmail.com,001-277-881-6093x0685,,09-28-2024
919fa02e-a194-47b1-bcef-40f800926d61,Amanda West,gregoryrichardson@palmer.biz,625.153.8144x7443,CALIFORNIA,03-03-2024
6924e248-2759-4511-a604-bfbe83aa622f,Eric Fitzpatrick,fstafford@kelly.info,4510526501x67318,CALIFORNIA,09/01/2023
6500f793-2238-4fc6-8a4e-3ccf48ef30ff,Adriana Hammond,thomasbrooks@yahoo.com,(284)177-2256x05313,,04-15-2024
57968d64-d470-4dd2-ada5-beb90d527b89,Stephanie Martin,rmoyer@fisher.info,+1-256-862-1102x25803,texas,04-28-2024
1a6275f5-cf59-4b8e-8860-22c4b4da9f04,Nancy Hamilton,todd63@hotmail.com,(823)4143637,NEW YORK,06-24-2025
0fb49d98-7aac-4a0a-ad13-4ea8560fc071,Lisa Lopez,davidmorales@mooney-hickman.biz,9310668433,CALIFORNIA,08-31-2024
40944f95-2f51-4ca6-ae4f-f4a419cb84c8,Anthony Rodriguez,sherry63@yahoo.com,2000534749,CALIFORNIA,08-02-2024
eced9c30-721d-483c-b464-99f43163b274,Eric Davis,markfigueroa@paul-chapman.org,(343)961-1291x093,new york,01/12/2022
ee6bcb89-8615-40f6-ab43-db407b9a21c4,Joshua Cooper,amandahernandez@gmail.com,684.855.7161,NEW YORK,21/08/2024
0244bc44-b25c-4b50-9794-b38937c23f27,Carol Hill,brandon90@lee.net,127.868.6694x32029,texas,09-04-2024
a4752fa7-0d30-49bf-8a66-28a8df96048a,MICHAEL WARREN,kennethadams@gmail.com,(308)340-2424,CALIFORNIA,07-22-2023
89924e2d-0400-4249-b8bb-1616418860b9,CHRISTINE WILSON DDS,christopher84@hotmail.com,(694)500-5342,TEXAS,17/04/2025
2d1594cb-dcc3-4cb2-90cb-079f2f5dff13,Paula Deleon,qbautista@walters.com,439-627-3652x71727,FLORIDA,04-20-2023
1c2b498f-054d-4360-a24d-347360bc6cbc,Terri White,collinsnicole@yahoo.com,+1-931-216-3761x82091,new york,07-22-2022
0e4ddb72-3e6a-41f1-a78e-2f607a99bd76,Maria Williams,adamssheena@smith.com,+1-513-279-7245,FLORIDA,10-22-2024
1a0b6310-397a-4dc8-9c31-d9b9fda2f9a0,LORI MARTINEZ,stephenscurtis@thomas-barr.com,662.543.6172,CALIFORNIA,09-11-2023
cbfe68f0-b8a9-4704-b25a-a10d63fe557c,Luis Wilson,munozgregory@rogers.com,+1-451-475-4102x252,NEW YORK,13/07/2024
88503e9d-7e1b-4034-88a5-316f89eb56c1,Ashley Simmons,christophercooley@gmail.com,001-655-767-6952x36687,NEW YORK,10-10-2024
d5d318cf-24e6-4ffd-b5dc-037d4b71481f,JANICE CARPENTER,jacquelineyoung@gmail.com,058.721.0552,california,03/11/2024
d4c0df28-91b5-4cb4-8331-bd0d13ba8d24,Susan Sanchez,burgessdavid@padilla.biz,(019)179-2025x213,CALIFORNIA,08/04/2024
420fd9a8-d45b-4e9b-b61e-c0ed8ddd2994,CLARENCE MANNING,vjenkins@yahoo.com,+1-041-200-9282x0667,TEXAS,12-05-2024
0dfef633-2a31-4dfd-a166-7c7cd3c6e5a0,MICHELLE HENDERSON,teresa86@paul.org,3628917756,florida,29/01/2024
90968629-91f3-40f4-ba06-988915c52392,CHLOE RODRIGUEZ,carrie50@campbell.com,390-438-3034,ILLINOIS,08/09/2022
61d21319-cbcb-4293-9651-224006103d84,Rachel Williams,hardingalan at yahoo.com,001-468-356-5215x68182,new york,07-10-2024
aed0cbcf-c630-4536-b677-9a11e403999b,SARAH ROBERTS,omiller@cisneros.com,+1-228-898-5725x45960,FLORIDA,23/02/2024
1235d52e-16d7-4a54-9a76-5b485d0314d8,Zachary Lawson,adavis@miranda.net,717-524-2149,NEW YORK,04-05-2023
f3b937f2-9fe7-4068-9847-260b8331d711,Julia Andersen,isantos@gmail.com,001-705-466-9275,NEW YORK,31/10/2023
7657e37c-dfc8-4060-a362-95093919e3be,Michael Hunter,oliverdawn@hotmail.com,802.146.2961,TEXAS,05-05-2025
784fcb14-f2d3-4a65-a7de-a64c8b8a7166,John Day,millerjessica@yahoo.com,001-636-515-5973x71470,FLORIDA,12/02/2023
73905263-b653-4dba-9faf-c6cf4c5fccfb,Erica Johnson,mayermichael@yahoo.com,303.064.4212x1461,,04-13-2024
fc829c09-aa00-4756-92e0-234e2505a2b6,Mckenzie Green,jacobsonroy@martin-bailey.biz,782.659.6089x3199,FLORIDA,11-04-2023
f3cef8b7-35b3-4874-991c-228f3754c5ec,STEVEN PECK,daniel64@hotmail.com,001-072-791-0336x8296,NEW YORK,04-23-2023
8d814215-2d49-4058-9f84-e3c56daa8c7e,Laura Smith,turnerkurt at gmail.com,001-776-655-8685x127,FLORIDA,10/01/2025
aaef0d3e-085a-4d62-8e4d-89f394cbb94e,Jeffrey Mitchell,jacqueline11@gmail.com,0961798178,florida,09-24-2023
6a2062aa-e8b8-4813-a672-abf50110783e,Christy Frank,gonzalezterrence@gmail.com,(766)053-8444x463,TEXAS,20/08/2022
846c454c-5170-42ef-a777-c6646732ceca,Christian Brooks,george96@gmail.com,+1-639-609-6262,CALIFORNIA,03-04-2023
926114b7-142a-4f47-b8ef-32eeebac12ef,Brett Owen,ocameron@hood-moore.com,110.609.2098,NEW YORK,02-15-2024
758964f5-1c66-421e-9a79-aec1ddefb7bb,Nicholas Lucero,johnhurst@yahoo.com,836.404.1209,california,11/01/2025
f9d59f7f-1e01-4975-880d-2370dad4c20f,CHARLES GREEN,jonesmegan@myers.com,(171)366-5722x40299,CALIFORNIA,12-15-2023
b544f70c-593a-4b51-978b-55e7f406d6e0,Karen Mendez Dds,sara39@herrera.net,001-235-130-5231x24473,,11-03-2024
98a91187-6c7a-4c9d-b237-64bae202f022,JULIE LAMB,qnielsen@gmail.com,461.994.2376,CALIFORNIA,27/08/2023
1d59b308-07aa-4515-a5f7-6d065a2d465b,LISA LAWSON,ashleybrooks@hotmail.com,720-849-6498,NEW YORK,06/04/2023
b75d2f0c-472e-4f3b-8f9a-fd511a58fa44,JESSICA LOPEZ,lewisnathan at chan.com,0537953816x49383,FLORIDA,30/01/2025
6202f35d-9756-4d33-93ae-106599f75c76,Rhonda Powers,ustewart@gmail.com,077.046.1172,NEW YORK,03/07/2023
b24b007b-4c66-404f-a4b1-1c490c0cf61e,Dominique Schneider,zmitchell@huang.com,0171644556x18579,CALIFORNIA,06-06-2024
1335f6c3-4de5-44af-b278-15f60c49f33a,MARTIN LOZANO PHD,walkermargaret@garcia.biz,213.580.0401,ILLINOIS,08-14-2023
f9f209ab-7d77-41f8-a948-ec667a59697d,Lonnie Burnett,sarasilva@gmail.com,(529)6718839,CALIFORNIA,09/09/2023
8713b81f-c2f8-4229-972c-8583d06200e3,Nicholas Perez,jennifer58@gmail.com,+1-311-703-0376x37153,NEW YORK,09-06-2024
4ea12bd9-afaf-40ec-aa08-c5266c4fe33d,PAIGE COLLINS,melaniegarcia@gmail.com,567.983.6314,ILLINOIS,12-13-2024
5ea9f259-45c8-4249-b0fb-b28e0d9bb3b5,Bridget Walter,allenmurray@johnson-stanley.info,(418)1563268x685,TEXAS,11-29-2022
4684833e-19dd-4b90-8839-c8e410db5fdc,JAMES REILLY,jaime29@moreno-snyder.biz,031-310-0943,NEW YORK,06-17-2023
da41a15f-4e29-49da-bd35-0d2a7a0cd56d,Melissa Sullivan,robinsonmadison@hotmail.com,732-354-9401x289,CALIFORNIA,06-03-2025
0473b982-d1a5-49db-8b90-b03d1c00b895,Ethan Jones,rachel20@wells.com,209-579-0737,california,11-28-2024
a3c9f400-ba6c-457c-84f1-6d9daf8f8cf0,Donna Perez,kimberlygarcia@rogers.net,7457054589x714,ILLINOIS,08-02-2022
f1fcfc36-6ad3-4c40-96d2-6487641a4b74,JASON ROBINSON,tyler39@dominguez.com,614.878.2455,TEXAS,09-03-2023
03fddd08-4b73-461f-8cbe-b6db108ab4de,ANDREW MEYER,hamiltonspencer@yahoo.com,1072728498x2474,TEXAS,06-05-2024
4a720071-14a9-4e59-ab13-13b795d14b6d,DOUGLAS WATKINS,btorres@keller-smith.com,(548)821-4236,TEXAS,05/06/2023
4c1e172a-15e9-4ee4-8e14-39774d126ab1,Timothy Wright,gross@yahoo.com,942-965-9234x2683,TEXAS,27/11/2024
3e1e0693-c960-4851-8d69-6e19e8273dee,Julia White,taylorscott@yahoo.com,575.676.6708x06129,CALIFORNIA,12-18-2024
0f94d562-dd43-40cf-94d0-9314b0cab249,Bethany Daniels,camposphilip@yahoo.com,+1-078-701-0415x91497,ILLINOIS,05/01/2023
064fe164-7947-4ea4-9a85-fd69344c96cc,MEGAN STEVENSON,zacharyhart@taylor-jacobson.com,407-931-1029x1813,texas,08-24-2024
4a3fcfda-7aff-49bd-b9e5-8450334a34a8,Anthony Martinez,pmcgrath at hotmail.com,979-162-0223x288,,23/09/2023
a83db2df-e4aa-412a-a682-13c7a525dcd0,Tina Vasquez,zcruz@gmail.com,662.047.1960x940,FLORIDA,02-17-2025
ea897692-1176-47b2-a4d8-8360ec68fc07,Terry Kelly,dkhan@smith-moore.net,358.681.2259x57244,NEW YORK,29/03/2025
c590f851-fb38-4671-bb45-d977c2896a30,Dr. Larry White,heidichapman@hotmail.com,(996)1002311x775,NEW YORK,03/07/2023
8e74b39c-92e3-4940-a32c-5e99fd26a41b,Spencer Chandler,dnielsen at hotmail.com,101-759-0251x762,CALIFORNIA,05-07-2023
e9368ad0-f52e-4f63-badf-c7a8aeaf3951,John Shelton,judyhamilton@stokes.com,020.569.8152,ILLINOIS,03-24-2025
05c55810-54b7-48fa-8a60-b33299fb38a9,CHERYL CLARK,michael82@gmail.com,661.912.8411x730,TEXAS,06-14-2023
95309450-1c62-44f4-a44d-8dc2b2908892,Donna Clayton,carlos24@gmail.com,+1-938-984-6908,new york,01/07/2024
b92c23e3-4540-49f2-a124-9735f2546c17,VICTORIA DELGADO,robert35@taylor.com,001-037-199-0516x99187,ILLINOIS,09-03-2022
b2086418-6092-4068-8403-b430631a9c3c,JONATHAN PEREZ,ywoods@gmail.com,0038960870,ILLINOIS,01-11-2023
03d06453-cd40-4bc9-bdae-29200bb8382f,JEFFERY TAYLOR,princetoni at yahoo.com,(356)033-1903x689,CALIFORNIA,07-24-2023
86df42bd-3e84-455f-a755-3468de74e122,ANGELA MARTINEZ,bradley59@zamora.biz,111.483.7537x4584,,08-20-2023
c3a215ff-a660-404f-b0b6-052fb2c68986,Joshua Garcia,nthornton@yahoo.com,132-834-8315x203,FLORIDA,06-04-2024
4e1e2f3d-a910-42b8-8d60-e36488516447,Alison Huff,brianna41@gmail.com,967-066-7033x626,FLORIDA,08-18-2022
77a319c6-619c-4a06-b5d6-8c8f299ccd73,Hannah Johnson,lisa93@gmail.com,966-018-6487x69984,NEW YORK,07-06-2023
76751903-719d-422f-adc4-d065d8fbd542,ADRIAN MARSH,lutzkelsey@yahoo.com,960-945-4490x14954,ILLINOIS,07-27-2022
a7ee2f23-9e31-4cfd-9f09-87e9259b5aea,JOHN CHURCH,rickyriley@gmail.com,985-172-4447x232,FLORIDA,09-16-2022
343c1752-3caa-431e-93d3-c72682d33948,Matthew Lopez,bobby30@hotmail.com,405-809-3511x871,illinois,11-19-2023
b73c91ca-82c3-492b-9027-b309cedb5488,SANDRA BECKER,jliu@nguyen.com,(574)902-5042x90193,CALIFORNIA,08-28-2024
78ea904d-9b6b-4992-8d2a-9d7acc5732f2,Michelle Case,sandovaledward@hotmail.com,1398986818,florida,04-20-2025
5cbf7ee6-ea25-4d83-9391-d18a8171d955,Jessica Adams,marklloyd@yahoo.com,751.376.5158,NEW YORK,04-10-2025
b61d1f43-8df8-4ff9-83f8-6f2d436c9e18,Mr. Richard Hall,kimberlyrussell@wade.com,116-682-9732x70216,NEW YORK,06-29-2024
0b94b2ab-b8e0-42e1-be7f-92991b96ee81,Beth Johnson,vaughnveronica@gmail.com,866.526.8341x55999,illinois,10-23-2022
968c77f1-b8f7-4f48-8238-03582d3dab8a,Heather Cole,byang@yahoo.com,001-722-981-2099x57657,ILLINOIS,09-07-2023
2a6445d3-48e8-4f79-98eb-a4621976a39a,ANNE EVANS,elliottphyllis@hotmail.com,645.652.2036x84995,CALIFORNIA,01-01-2023
7d058c07-01b4-4dfc-b1f4-36eacc8abd69,JOHN WALKER,sheila49@middleton.com,(138)8209088,TEXAS,08-10-2022
cb170945-be88-48e4-943d-bd6ccdbb6c1f,Douglas Gould,dmeyer@yahoo.com,176-741-2415,TEXAS,11/06/2023
ac6082a4-385f-473d-b173-16d5df42eabd,Erin Hunter,gmccoy@hotmail.com,001-150-618-5380x03296,TEXAS,30/04/2023
a341441c-3c16-4571-957a-66e5a18af1fd,Christian Cervantes,david18@hotmail.com,001-306-178-9320x6496,CALIFORNIA,12-24-2023
7d3a8826-dd2f-4568-8e02-3728d712288a,MR. CHRISTOPHER EVANS,elizabeth76@howard.com,001-467-536-1275x15627,NEW YORK,01-19-2025
8938279c-2aa2-4c1e-a028-c315928fbbae,DAVID CARTER,xbrown@green-stewart.biz,664.047.3504x763,,17/05/2023
2830affa-fc37-437a-b2cc-f39d8914bc96,ASHLEY DONALDSON,cassidysmith@hotmail.com,6155810835,TEXAS,10/10/2024
1fa70e6b-bffa-449e-85bf-d2c308a5ad03,Mitchell Roberts,martin38@wright.net,867-024-4033,new york,02-07-2024
46281fb8-4d59-468e-85ff-a2f2be54eceb,Bonnie Yang,joneswilliam@hotmail.com,001-600-892-1963x94568,TEXAS,12/06/2024
065f5046-f9a6-4744-93ef-e8f0395c0d62,Dennis Douglas,fcarter@gmail.com,(847)488-3607x65817,CALIFORNIA,03-09-2024
567e8c74-bd92-432a-8fbb-831a696f9074,Jillian Woods,martin11@jackson.com,269-789-3074,FLORIDA,19/02/2023
dea7e1ae-7006-42c6-b286-af002a8be289,MICHAEL GEORGE,hannah87@porter.info,001-788-116-1620x281,california,12-24-2022
4a4a5612-243a-4f53-aa7b-6a7ca674dd6b,Jeff Jackson,kaitlynpayne@yahoo.com,4164485959,TEXAS,09-20-2024
89a8c57d-1806-499f-b1ac-f1dd3303343c,REBEKAH CRANE,thomas35@hotmail.com,001-228-705-6227x1043,ILLINOIS,06-12-2024
3768b54a-bb0c-486a-9a5c-a75227051d96,ANTONIO HARRISON,bellangie@cooper.com,469-459-6488x319,ILLINOIS,09-08-2023
f84791e0-e55d-42af-93e9-e07052c64562,Justin Martinez,barbara99@yahoo.com,001-973-203-3192x2270,TEXAS,20/09/2022
710fc415-8f7c-4071-afef-2c5dd7021edd,Robert Coleman,kevin13@hotmail.com,(667)548-5819x3242,NEW YORK,07-31-2024
4f75c3d1-9610-4189-816f-f44c31e43850,DANIELLE MARTINEZ,gregory57@hotmail.com,(639)836-5203x758,FLORIDA,11-23-2023
b69b8391-e4ee-4f51-9ce8-5b7d0761dc0c,Jacob King,arthur47@williams-dominguez.com,0907977278x105,ILLINOIS,23/02/2023
0fbd6062-ab6d-4aa8-aaef-dbe1d674998a,Cassandra Rosales,hflowers@ramos.com,184-390-5529x58066,TEXAS,09/10/2022
b2403468-d60b-44a9-9173-cd93775c4f30,Philip Hernandez,thompsonbradley@hotmail.com,862.044.8515,california,11-11-2022
476a2533-2d91-4c23-897d-d968b4b6c702,JULIE WILSON,jessicalopez@sims.com,571.343.2406,NEW YORK,04/02/2023
35edff38-9197-407c-89b7-02ed27dc3b65,Jennifer Conley,gregoryphillips@hotmail.com,417.595.5872x096,ILLINOIS,06-25-2025
5f4dec1d-52af-491a-9639-e2b7779d7db4,MATTHEW FLEMING,matthewschmitt@hotmail.com,001-418-343-7401x8272,NEW YORK,11-22-2024
6f5a181a-b1ca-464c-9372-748497f483d6,KEVIN JOHNSON,misty02@alvarez-rogers.com,(542)782-0797,CALIFORNIA,03-12-2024
4cf2fdf8-ec1f-4d97-aa98-3090831fd302,DAVID CUMMINGS,tgregory@gmail.com,816.649.6902,TEXAS,01-13-2025
17152d76-6fc1-4aeb-b40c-e8c9db964db1,TERRI GONZALEZ,elizabethkramer@waller.com,(762)702-3244x123,,16/07/2023
7d01d706-58cc-49bb-9258-199888bbc5bb,Justin Rowe,gmoore@pierce-long.com,673.162.5265x4696,NEW YORK,05-06-2025
acdeafcd-6306-4765-8fa3-baf648f368ba,Laurie Walker,mikemorgan@bishop.com,+1-327-303-4615x6262,illinois,07-16-2024
bdf7f8f0-4236-42f9-accb-91634d8e6d5e,TYLER FISHER,gfleming@drake-reed.com,+1-602-529-8670x7660,new york,03-12-2025
9d5130ae-d015-4623-83d0-3e333296c4c0,ROBERT ODONNELL,ijoseph@yahoo.com,268-612-0594,ILLINOIS,06-06-2024
091e11df-a2cf-432d-8c34-f9de531b1e76,John Williams,mrichardson@hotmail.com,(465)408-4245x607,ILLINOIS,11/01/2025
9bfe970a-2591-4ffa-89cd-33a65f6f83c5,Nicholas Schmidt,gregorynichols@gmail.com,001-276-457-9389x7015,CALIFORNIA,17/03/2025
ef7b80f1-c2be-4bac-b717-f44b79112e22,Ashley Hunt,sara46 at johnson-clements.com,001-161-394-4988x3059,CALIFORNIA,05-09-2024
d3b4a1d1-9bfc-44bd-b647-d58dba68f429,Michael Lopez,rbrowning@nelson-russell.com,(244)795-1330x53194,texas,06-15-2024
fc257ff1-8fb3-4b07-bc8d-c9d0a1a262d0,Madison Murphy,aspears at yahoo.com,557-277-3826x46091,NEW YORK,12-19-2023
fd5baf20-7da2-4e1b-be7a-31688e72d17c,Paul Moreno,karen77@gmail.com,(992)959-6604,new york,06-30-2023
676a504c-dbeb-41e2-b9a0-1a0b64657945,Joshua Gray,fosterjason@duncan.com,001-686-536-9455x15888,new york,08-07-2024
f20b9199-68a5-4ee7-bb6e-0d069211d6cc,Donna Middleton,ricardosmith@hines-douglas.com,(966)630-9329x9819,TEXAS,08-05-2022
34fe6da8-07e8-4429-a4fa-6417109792a4,David Hudson,craneandrew@hotmail.com,+1-688-327-5327x3524,CALIFORNIA,12-14-2024
b74a3db6-e223-4fc0-8291-46caf5239f95,DAVID MORRISON,teresaporter at lara.com,710.068.7616,illinois,10-12-2024
